#,Symbol,Trades,Profit Trades %,Total Profit $,Profit Factor,Max Drawdown %
1,EWW,179,74,132130,1.67,0.00
2,XLF,174,74,195981,2.48,0.00
3,EWH,173,68,70153,1.40,0.00
4,VOLT,173,65,-24082,0.96,1.00
5,SLYG,171,74,122466,1.76,0.00
6,SMH,170,73,219379,2.28,0.00
7,BBH,169,75,196140,2.39,0.00
8,EWC,169,70,73704,1.45,0.00
9,IBB,169,72,129215,1.79,0.00
10,EWY,168,70,234429,2.19,0.00
11,EWZ,168,76,172793,1.62,0.00
12,IYG,168,77,147394,1.90,0.00
13,OIH,168,66,21211,1.06,1.00
14,QQQ,168,79,257574,3.51,0.00
15,EWN,167,73,125081,1.89,0.00
16,PPH,166,69,41224,1.31,0.00
17,IJT,164,77,112626,1.69,0.00
18,IWO,164,73,119269,1.65,0.00
19,XLE,164,68,62871,1.29,1.00
20,EWO,163,69,68433,1.30,1.00
21,IYE,163,71,69881,1.36,1.00
22,IYZ,163,67,38112,1.20,1.00
23,JPXN,163,79,130555,2.21,0.00
24,EWJ,162,75,125242,2.01,0.00
25,IYF,162,78,143922,2.14,0.00
26,IUSV,161,76,86124,1.75,0.00
27,DIA,160,73,100982,2.31,0.00
28,EWK,160,64,20327,1.09,0.00
29,IJJ,160,79,72322,1.43,0.00
30,IJR,160,76,102082,1.68,0.00
31,SPTM,160,74,126710,2.49,0.00
32,XLI,160,74,70346,1.47,0.00
33,XLK,160,72,145271,2.15,0.00
34,XLY,160,74,122382,1.96,0.00
35,EWM,159,60,35267,1.21,0.00
36,EWP,159,73,129213,1.77,0.00
37,EWT,159,74,167362,2.15,0.00
38,GLOW,159,74,602601,2.30,1.00
39,IXG,159,73,100352,1.66,0.00
40,IYM,159,70,81293,1.44,0.00
41,MDY,159,78,119744,1.82,0.00
42,PSQ,159,62,19277,1.12,1.00
43,SPYV,159,75,112579,2.28,0.00
44,XLB,159,68,69682,1.42,0.00
45,DGT,158,68,99414,1.90,0.00
46,IJS,158,77,78974,1.51,0.00
47,QID,158,61,22818,1.08,1.00
48,BCOR,157,66,35720,1.07,1.00
49,IJH,157,76,99850,1.61,0.00
50,IUSG,157,75,122634,2.11,0.00
51,SPYG,157,75,167350,2.43,0.00
52,EWD,156,65,83092,1.41,0.00
53,EWG,156,68,56938,1.29,0.00
54,EZU,156,71,99343,1.70,0.00
55,IGE,156,72,49318,1.25,1.00
56,IWD,156,73,55388,1.53,0.00
57,IWF,156,74,146036,2.30,0.00
58,IWM,156,76,124839,1.77,0.00
59,IXC,156,68,47247,1.27,1.00
60,IYC,156,74,70807,1.48,0.00
61,VXF,156,77,80799,1.50,0.00
62,XNTK,156,72,129531,1.86,0.00
63,DXD,155,59,-76712,0.73,1.00
64,ETH,155,68,103214,1.37,1.00
65,IGV,155,75,157404,2.21,0.00
66,IYW,155,69,153273,2.14,0.00
67,EWA,154,80,145656,1.95,0.00
68,IWB,154,78,153770,2.80,0.00
69,IYJ,154,71,80196,1.60,0.00
70,REW,154,55,3953,1.01,1.00
71,EWQ,153,69,95349,1.70,0.00
72,IGM,153,76,166078,2.40,0.00
73,IJK,153,78,154021,2.26,0.00
74,KOOL,153,63,132449,1.24,2.00
75,RXD,153,60,-17020,0.94,1.00
76,SLYV,153,76,42142,1.25,1.00
77,CPST,152,59,-240496,0.70,3.00
78,EWU,152,72,90731,1.72,0.00
79,IVE,152,73,92291,1.91,0.00
80,EWI,151,66,65025,1.34,0.00
81,ICF,151,70,76969,1.57,0.00
82,IGN,151,63,4313,1.02,1.00
83,IYY,151,75,113389,2.05,0.00
84,XLP,151,80,83668,2.20,0.00
85,EWL,150,67,79101,1.74,0.00
86,EWS,150,70,89611,1.56,1.00
87,ILF,150,71,105286,1.54,1.00
88,SH,150,53,-2488,0.98,0.00
89,SOXX,150,69,174610,2.11,0.00
90,XLV,150,70,85228,1.86,0.00
91,IWN,149,75,90304,1.56,0.00
92,IWS,149,76,49972,1.32,0.00
93,IWV,149,74,101316,2.11,0.00
94,DOG,148,56,-32094,0.77,1.00
95,IGLD,148,61,-17808,0.97,1.00
96,IVW,148,77,100993,2.06,0.00
97,MAGS,148,72,188290,1.73,1.00
98,SCC,148,60,-17486,0.95,1.00
99,IEV,147,69,34639,1.25,0.00
100,IVV,147,76,109995,2.23,0.00
101,IXN,147,64,84515,1.69,0.00
102,IYR,147,71,99840,1.83,0.00
103,SDS,147,54,-32510,0.87,1.00
104,SPY,147,76,103406,2.24,0.00
105,INTL,146,71,371569,2.47,1.00
106,IWR,146,73,60080,1.45,0.00
107,IYK,146,72,69673,1.84,0.00
108,IYT,146,74,103379,1.68,1.00
109,MYY,146,64,32185,1.26,0.00
110,VFH,146,77,143871,2.27,0.00
111,ECH,145,65,59549,1.36,1.00
112,FXI,145,73,211704,2.62,0.00
113,IOO,145,73,74569,1.80,0.00
114,ISCG,145,75,119347,1.80,0.00
115,RTH,145,74,105216,2.14,0.00
116,EPP,144,78,99264,1.71,0.00
117,MZZ,144,61,-24339,0.91,1.00
118,EV,143,72,109523,1.58,1.00
119,PBW,143,55,-113046,0.69,1.00
120,SIJ,143,68,49761,1.16,1.00
121,EEI,142,79,209621,2.52,0.00
122,IYH,142,72,100595,2.34,0.00
123,KEM,142,58,-74883,0.87,2.00
124,OEF,142,77,86610,2.04,0.00
125,PBJ,142,77,104853,2.85,0.00
126,RWR,142,68,102286,1.89,0.00
127,SDP,142,65,26637,1.12,1.00
128,VBK,142,77,88591,1.60,0.00
129,VBR,142,76,83147,1.54,0.00
130,IEF,141,74,19246,1.52,0.00
131,IWP,141,75,98746,1.82,0.00
132,SRS,141,61,-645,1.00,1.00
133,VTI,141,76,105444,2.21,0.00
134,IXJ,140,67,68093,1.79,0.00
135,PEJ,140,79,97080,1.61,0.00
136,VAW,140,72,107798,1.79,0.00
137,EFA,139,72,71699,1.59,0.00
138,PBE,139,73,117731,1.78,0.00
139,SMN,139,62,49487,1.18,1.00
140,CORX,138,76,1577235,8.39,0.00
141,UNG,138,62,-88924,0.80,1.00
142,ETEC,137,85,2283789,7.20,1.00
143,FEZ,137,73,98536,1.85,0.00
144,IDU,137,67,47677,1.38,0.00
145,IEZ,137,64,-9152,0.97,1.00
146,KBE,137,75,127933,1.73,0.00
147,ONEQ,137,78,125503,2.51,0.00
148,PXE,137,60,-19140,0.93,1.00
149,TLT,137,74,58580,2.01,0.00
150,VTV,137,75,79776,2.05,0.00
151,XOP,137,63,6502,1.02,1.00
152,EEM,136,75,116991,1.99,0.00
153,RSP,136,80,109831,2.25,0.00
154,SDD,136,60,-8160,0.97,1.00
155,XLU,136,65,14327,1.10,0.00
156,EFZ,135,66,65553,1.72,0.00
157,IMCV,135,76,19484,1.12,1.00
158,KRE,135,79,143183,1.92,1.00
159,PID,135,70,24623,1.19,0.00
160,PRVT,135,75,1933633,6.31,1.00
161,XBI,135,71,122539,1.75,0.00
162,DBA,134,67,36504,1.34,0.00
163,DVY,134,78,105702,2.46,0.00
164,EFU,134,64,100038,1.49,0.00
165,IXP,134,72,109665,2.31,0.00
166,KCE,134,75,115678,1.74,0.00
167,VB,134,78,84895,1.59,0.00
168,FCG,133,65,-42592,0.86,1.00
169,FXC,133,65,1051,1.02,0.00
170,MTU,133,72,177567,2.16,0.00
171,PGJ,133,67,83928,1.42,0.00
172,SPXS,133,52,-82711,0.77,1.00
173,XES,133,62,-54412,0.83,1.00
174,ILCB,132,79,99277,2.48,0.00
175,PEY,132,73,29345,1.23,0.00
176,TIP,132,78,18168,1.58,0.00
177,VCR,132,72,60608,1.47,0.00
178,VDE,132,67,-1558,0.99,1.00
179,VOX,132,71,63955,1.60,0.00
180,XMVM,132,77,64851,1.46,0.00
181,CGI,131,65,16793,1.03,1.00
182,FXR,131,73,34533,1.20,1.00
183,JPST,131,79,522836,3.43,1.00
184,PWV,131,76,68915,1.74,0.00
185,RZG,131,73,74998,1.54,0.00
186,SPEU,131,70,66202,1.66,0.00
187,UCC,131,74,104280,1.42,1.00
188,VDC,131,79,76597,2.84,0.00
189,VPL,131,72,45926,1.40,0.00
190,DJP,130,60,-32725,0.79,1.00
191,EGLE,130,65,7928,1.02,2.00
192,FXN,130,60,38894,1.18,1.00
193,PJP,130,76,112550,2.70,0.00
194,PXI,130,67,12678,1.05,1.00
195,RPV,130,74,54849,1.40,1.00
196,RZV,130,65,19854,1.09,1.00
197,VO,130,73,62707,1.59,0.00
198,VXZ,130,51,-66642,0.76,1.00
199,XRT,130,77,119516,1.84,0.00
200,XSVM,130,68,9466,1.05,0.00
201,BEL,129,65,-53009,0.87,2.00
202,IMCG,129,71,88471,1.84,0.00
203,LTL,129,73,181081,1.88,1.00
204,PBS,129,72,6063,1.03,1.00
205,VUG,129,78,124552,2.56,0.00
206,BJK,128,71,41148,1.21,1.00
207,DRV,128,59,-15946,0.95,1.00
208,ELON,128,64,104733,1.27,1.00
209,FUE,128,77,468371,5.97,0.00
210,FXF,128,63,19673,1.32,0.00
211,IAI,128,70,95300,1.71,0.00
212,ILCV,128,74,70086,2.00,0.00
213,ITOT,128,79,104237,2.46,0.00
214,QCLN,128,65,56279,1.26,0.00
215,REK,128,65,23534,1.25,0.00
216,SAA,128,70,75842,1.28,1.00
217,SPXU,128,49,-79746,0.74,1.00
218,XSMO,128,74,129572,2.09,0.00
219,GDX,127,67,138240,1.87,0.00
220,ITB,127,76,122319,1.61,1.00
221,MDYV,127,71,7125,1.05,1.00
222,PKB,127,71,44304,1.24,1.00
223,PKW,127,79,80791,1.79,0.00
224,PXJ,127,61,-104708,0.67,2.00
225,SBB,127,59,9519,1.07,1.00
226,TWM,127,66,21521,1.08,1.00
227,VGT,127,72,101596,2.18,0.00
228,VIS,127,73,66897,1.64,0.00
229,CVY,126,67,-21375,0.87,1.00
230,DUG,126,52,-104915,0.73,2.00
231,FBT,126,74,114739,2.01,0.00
232,FXP,126,65,85861,1.25,1.00
233,FXY,126,63,-10534,0.87,0.00
234,GRU,126,65,111184,1.88,0.00
235,IEO,126,61,11129,1.05,1.00
236,ISCV,126,67,-16336,0.91,1.00
237,PHO,126,74,102668,1.88,0.00
238,PSP,126,69,-7317,0.96,1.00
239,PST,126,67,-9486,0.90,0.00
240,RXI,126,78,101953,2.22,0.00
241,SLX,126,67,86368,1.39,1.00
242,VHT,126,69,60467,1.75,0.00
243,ADRE,125,72,115623,2.17,0.00
244,DGZ,125,68,37566,1.33,0.00
245,EUM,125,61,9411,1.07,0.00
246,GXC,125,70,137552,2.02,0.00
247,HWAY,125,68,116926,1.40,1.00
248,IWC,125,70,32181,1.20,0.00
249,MOO,125,69,50008,1.42,0.00
250,PWB,125,81,148370,3.26,0.00
251,SLV,125,61,-20379,0.89,1.00
252,SPIN,125,77,2798696,6.47,1.00
253,XHB,125,81,166594,2.31,0.00
254,DDM,124,73,119870,1.80,1.00
255,DZZ,124,69,58233,1.25,1.00
256,EVX,124,69,56696,1.50,0.00
257,FVD,124,75,55382,1.75,0.00
258,FXE,124,63,-9303,0.87,0.00
259,IG,124,75,596160,3.36,0.00
260,IHF,124,69,36989,1.29,1.00
261,ILCG,124,72,116877,2.67,0.00
262,MXI,124,69,51152,1.37,0.00
263,PRF,124,77,80049,1.95,0.00
264,RFG,124,77,103255,1.89,0.00
265,RWM,124,65,-14989,0.90,1.00
266,SEF,124,56,-13670,0.89,0.00
267,SHLD,124,60,-157550,0.71,3.00
268,SMOG,124,64,36085,1.19,0.00
269,TAN,124,56,-104614,0.70,2.00
270,VV,124,77,104269,2.55,0.00
271,XPH,124,72,72981,1.63,0.00
272,CA,123,65,-13088,0.94,1.00
273,EWV,123,64,79109,1.39,0.00
274,GLD,123,67,48999,1.58,0.00
275,IAU,123,67,41463,1.49,0.00
276,ISCB,123,70,25017,1.16,0.00
277,MDYG,123,80,101189,1.90,0.00
278,PXH,123,71,68864,1.52,0.00
279,SKF,123,54,-46633,0.83,1.00
280,TBT,123,67,6382,1.03,0.00
281,XME,123,65,13080,1.05,1.00
282,XMMO,123,79,144432,2.60,0.00
283,CZA,122,75,51361,1.41,0.00
284,DES,122,75,54678,1.48,0.00
285,EFG,122,71,54861,1.51,0.00
286,EZA,122,68,47372,1.25,1.00
287,FPX,122,75,75399,1.64,0.00
288,KIE,122,78,106896,2.06,0.00
289,MTK,122,75,116529,2.00,0.00
290,PFF,122,65,-31481,0.70,1.00
291,PFI,122,72,99418,2.01,0.00
292,PGF,122,57,-35256,0.69,1.00
293,QUSA,122,79,2632290,11.06,1.00
294,SPBU,122,79,2035930,5.49,1.00
295,SPLG,122,78,93531,2.18,0.00
296,SZK,122,53,-55711,0.76,1.00
297,UDN,122,63,-13068,0.81,0.00
298,UGE,122,71,113277,1.67,0.00
299,UXI,122,69,91291,1.36,1.00
300,VGK,122,69,47159,1.44,0.00
301,XSD,122,73,141878,2.15,0.00
302,ADRU,121,78,137355,2.96,0.00
303,CHII,121,72,116201,1.94,0.00
304,DCMT,121,74,2559180,7.49,2.00
305,DIG,121,66,-11191,0.97,1.00
306,EPV,121,60,-815,1.00,0.00
307,ERTH,121,69,70500,1.56,0.00
308,EZM,121,75,29286,1.18,1.00
309,FDL,121,74,60240,1.82,0.00
310,FTA,121,74,14984,1.11,1.00
311,FXB,121,64,-5286,0.92,0.00
312,FXZ,121,70,39406,1.24,0.00
313,FYX,121,74,30726,1.19,1.00
314,IHE,121,74,66839,1.84,0.00
315,PSI,121,69,151573,2.18,0.00
316,RWC,121,68,331152,1.79,1.00
317,WTV,121,76,52154,1.47,0.00
318,AGG,120,70,16179,1.79,0.00
319,COPX,120,61,-61614,0.79,1.00
320,DBC,120,62,-36645,0.78,1.00
321,DTH,120,70,61531,1.56,0.00
322,DXJ,120,74,70651,1.64,0.00
323,EEV,120,62,32791,1.13,0.00
324,EPI,120,68,49366,1.35,0.00
325,FXG,120,80,107404,2.91,0.00
326,HYG,120,64,17435,1.39,0.00
327,LQD,120,64,-13050,0.80,0.00
328,PBD,120,63,-30247,0.87,1.00
329,PEZ,120,77,72990,1.48,0.00
330,QQXT,120,75,97039,2.28,0.00
331,RFV,120,67,-7683,0.96,1.00
332,SCO,120,63,8430,1.02,1.00
333,SDOW,120,53,-132592,0.63,2.00
334,UYG,120,78,167941,1.71,1.00
335,XLG,120,74,76160,2.32,0.00
336,YCL,120,62,-77344,0.61,1.00
337,EDZ,119,62,65696,1.17,1.00
338,FAB,119,70,-11229,0.93,1.00
339,GWX,119,71,-794,0.99,1.00
340,GXG,119,59,-115459,0.56,2.00
341,PRFZ,119,75,45873,1.31,0.00
342,PTH,119,74,72125,1.50,0.00
343,PWC,119,71,61075,1.63,0.00
344,QQEW,119,71,74984,1.77,0.00
345,QTEC,119,72,114331,2.13,0.00
346,SPEM,119,76,119897,2.28,0.00
347,THD,119,61,-8937,0.95,1.00
348,TUR,119,65,57584,1.27,1.00
349,UYM,119,74,165771,1.60,1.00
350,VNQ,119,67,86317,1.85,0.00
351,VWO,119,72,82290,1.78,0.00
352,CUT,118,69,14186,1.10,0.00
353,DFE,118,64,-31633,0.82,1.00
354,EES,118,74,12453,1.08,0.00
355,ELR,118,70,178187,1.86,1.00
356,EMB,118,69,-10717,0.86,0.00
357,FDN,118,74,137656,2.29,0.00
358,FXD,118,75,51965,1.34,1.00
359,GCC,118,69,-19114,0.85,0.00
360,IAT,118,69,51357,1.26,1.00
361,MVV,118,76,123155,1.47,1.00
362,RYF,118,73,48527,1.33,0.00
363,SDY,118,79,91720,2.38,0.00
364,TLH,118,70,29962,1.68,0.00
365,USD,118,76,350788,2.63,0.00
366,UUP,118,70,16216,1.42,0.00
367,VOE,118,78,64177,1.52,0.00
368,XMHQ,118,75,69382,1.62,0.00
369,YXI,118,65,42177,1.27,0.00
370,CSD,117,68,-9162,0.95,1.00
371,EMC,117,75,200398,2.25,0.00
372,FXA,117,67,16923,1.21,0.00
373,FXH,117,77,97387,2.24,0.00
374,GLL,117,62,-63819,0.76,1.00
375,GMF,117,70,106132,2.21,0.00
376,GSIG,117,58,1975,1.00,2.00
377,ITM,117,58,-38360,0.36,0.00
378,PGX,117,56,16533,1.22,0.00
379,PIN,117,70,95504,1.88,0.00
380,PSCE,117,60,-8373,0.97,1.00
381,SPAB,117,73,21194,2.03,0.00
382,VYM,117,75,84008,2.46,0.00
383,AIA,116,70,105509,2.02,0.00
384,BWX,116,66,-9904,0.85,0.00
385,DNL,116,71,45757,1.51,0.00
386,DOL,116,70,70405,1.75,0.00
387,FXO,116,75,59174,1.44,1.00
388,JJT,116,68,159707,1.86,1.00
389,MSTX,116,72,277710,1.66,2.00
390,NLR,116,65,-1962,0.99,1.00
391,PCY,116,65,-17283,0.79,0.00
392,PXQ,116,68,58787,1.41,0.00
393,PYZ,116,67,58790,1.34,1.00
394,QLD,116,76,209087,2.25,0.00
395,REM,116,66,-24477,0.89,1.00
396,RPG,116,77,90800,1.86,0.00
397,RYE,116,65,38914,1.20,1.00
398,RYJ,116,71,35171,1.25,1.00
399,VIXM,116,53,-65137,0.73,1.00
400,XPP,116,71,104075,1.42,0.00
401,ACWX,115,68,67817,1.76,0.00
402,CGW,115,77,90174,1.99,0.00
403,CWI,115,70,92671,2.01,0.00
404,EFO,115,70,129736,1.69,0.00
405,EFV,115,70,27927,1.23,0.00
406,FAA,115,68,78868,1.23,2.00
407,FEX,115,74,42248,1.39,0.00
408,FRI,115,70,81400,1.77,0.00
409,FTAG,115,59,-65815,0.69,1.00
410,FVL,115,71,41755,1.37,0.00
411,IMCB,115,83,437158,4.37,1.00
412,RXL,115,70,147877,2.20,0.00
413,ULE,115,66,29954,1.29,0.00
414,YCS,115,73,94891,2.45,0.00
415,ASEI,114,68,144820,1.52,1.00
416,BKF,114,68,96842,1.77,0.00
417,CHIM,114,61,-15053,0.92,0.00
418,CORN,114,62,36107,1.30,0.00
419,DON,114,79,36471,1.30,0.00
420,DRIV,114,71,83054,1.22,1.00
421,EZJ,114,74,89498,1.52,1.00
422,FDM,114,66,14346,1.09,0.00
423,FNX,114,74,14418,1.09,1.00
424,HAP,114,68,12474,1.10,0.00
425,HK,114,59,-239639,0.61,3.00
426,ISHG,114,63,-4551,0.91,0.00
427,PPS,114,65,64189,1.50,0.00
428,PRN,114,71,66643,1.54,0.00
429,TINY,114,61,-8239,0.98,1.00
430,TYO,114,67,22137,1.18,1.00
431,URA,114,54,-119211,0.59,1.00
432,VPU,114,71,51884,1.60,0.00
433,BIS,113,64,-35327,0.88,1.00
434,DBP,113,67,48238,1.54,0.00
435,DEW,113,69,33265,1.32,0.00
436,DGS,113,67,20354,1.16,0.00
437,DHS,113,73,54659,1.83,0.00
438,DLS,113,71,22074,1.17,0.00
439,DWX,113,65,25910,1.23,0.00
440,FAZ,113,53,-91306,0.73,1.00
441,FTRI,113,63,-18333,0.89,1.00
442,GOEX,113,68,94708,1.50,0.00
443,GRID,113,80,130673,2.74,0.00
444,IAK,113,78,96580,1.94,0.00
445,ICLN,113,58,-61011,0.75,1.00
446,ITA,113,76,39293,1.30,0.00
447,PIO,113,68,42230,1.32,0.00
448,QABA,113,75,61353,1.54,0.00
449,RTM,113,74,47428,1.39,0.00
450,SCZ,113,68,-10448,0.92,0.00
451,SUSA,113,74,56190,1.74,0.00
452,TOK,113,74,58490,1.65,0.00
453,TYD,113,70,53645,1.51,0.00
454,AMJ,112,69,6777,1.05,1.00
455,DIM,112,67,16490,1.12,0.00
456,EMIF,112,73,59755,1.64,0.00
457,ERX,112,60,-63109,0.85,1.00
458,ERY,112,54,-128109,0.71,2.00
459,FAN,112,64,21456,1.13,0.00
460,FGD,112,65,15258,1.11,0.00
461,FIW,112,72,99255,1.85,0.00
462,IDV,112,69,399,1.00,0.00
463,JNK,112,63,-5453,0.90,0.00
464,PPA,112,77,81696,1.87,0.00
465,PSL,112,78,72051,2.25,0.00
466,RWX,112,60,-24075,0.82,0.00
467,SPHQ,112,79,86880,2.27,0.00
468,TBF,112,67,17931,1.23,0.00
469,TENG,112,79,1299704,8.47,1.00
470,TFI,112,52,-27462,0.48,0.00
471,TMV,112,66,42524,1.18,1.00
472,TZA,112,63,-23832,0.94,1.00
473,USO,112,58,-165270,0.55,3.00
474,VEU,112,68,72390,1.81,0.00
475,WEAT,112,70,13050,1.08,0.00
476,YANG,112,61,18568,1.04,1.00
477,ZSL,112,59,-202860,0.60,2.00
478,ADRD,111,78,134345,3.35,0.00
479,AMLP,111,67,-31438,0.79,1.00
480,DBO,111,64,-41090,0.83,1.00
481,DGP,111,62,59619,1.33,1.00
482,EQWL,111,76,74635,2.18,0.00
483,GK,111,75,114476,1.80,0.00
484,GSG,111,61,-93647,0.62,1.00
485,HDGE,111,53,-47427,0.69,1.00
486,IM,111,64,-9828,0.96,1.00
487,JKK,111,75,84648,1.71,0.00
488,PIZ,111,71,25044,1.20,0.00
489,RWJ,111,68,10194,1.06,1.00
490,UNL,111,55,-67937,0.69,1.00
491,VNM,111,63,-37317,0.82,1.00
492,AAXJ,110,70,87114,1.92,0.00
493,AIVL,110,71,39041,1.42,0.00
494,CHIC,110,65,24691,1.16,0.00
495,DBS,110,60,-18174,0.89,0.00
496,DEM,110,72,61088,1.63,0.00
497,DWAQ,110,74,78937,1.90,0.00
498,EDV,110,74,64288,1.88,0.00
499,EMM,110,73,4101409,22.01,1.00
500,IEI,110,68,7886,1.49,0.00
501,IRET,110,71,103065,1.99,0.00
502,PHB,110,64,25424,1.68,0.00
503,SPDW,110,70,71390,1.80,0.00
504,SPTL,110,74,54234,2.46,0.00
505,SSO,110,75,151809,1.96,0.00
506,THRK,110,72,68432,2.05,0.00
507,UWM,110,74,92426,1.34,1.00
508,VEA,110,67,40749,1.39,0.00
509,VOT,110,74,79337,1.80,0.00
510,WPS,110,55,5208,1.04,0.00
511,CHIX,109,66,31317,1.27,0.00
512,CIMT,109,71,460443,3.11,0.00
513,EDC,109,71,86647,1.27,1.00
514,EET,109,72,75015,1.35,1.00
515,EPS,109,74,76917,2.11,0.00
516,HCN,109,78,137048,2.47,0.00
517,IHI,109,74,49947,1.52,0.00
518,MGV,109,72,60666,1.84,0.00
519,MIG,109,70,114134,1.52,1.00
520,MUB,109,57,-22500,0.49,0.00
521,PSJ,109,78,118190,2.46,0.00
522,PULS,109,65,4412,1.01,2.00
523,PZA,109,52,-52277,0.31,1.00
524,REZ,109,69,91920,2.00,0.00
525,RJA,109,60,-13831,0.87,0.00
526,SMDD,109,55,-83485,0.74,1.00
527,UPW,109,71,74955,1.43,1.00
528,AFK,108,62,-38567,0.78,1.00
529,CHIE,108,77,128728,2.22,0.00
530,DLN,108,75,66262,2.35,0.00
531,DTRE,108,67,46684,1.41,0.00
532,ESCR,108,62,-123671,0.75,2.00
533,FDD,108,65,10341,1.07,1.00
534,IEUS,108,66,-12288,0.93,0.00
535,IFGL,108,56,-25424,0.81,0.00
536,PFM,108,77,64149,2.15,0.00
537,ROM,108,69,197925,2.09,0.00
538,RWK,108,75,23864,1.16,1.00
539,USRT,108,69,94725,2.07,0.00
540,WOOD,108,68,13566,1.10,0.00
541,BRF,107,65,-1469,0.99,1.00
542,ECNS,107,64,21391,1.16,0.00
543,EXI,107,66,42192,1.39,0.00
544,SFY,107,55,-265107,0.51,3.00
545,SHY,107,69,1809,1.32,0.00
546,SIL,107,73,103756,1.68,0.00
547,SJB,107,47,-12512,0.74,0.00
548,SLY,107,77,76389,1.69,0.00
549,URE,107,66,48319,1.19,1.00
550,ACWI,106,73,85440,2.32,0.00
551,AGQ,106,60,-1220,1.00,1.00
552,AOA,106,78,66230,2.48,0.00
553,BLV,106,69,24404,1.52,0.00
554,CACB,106,73,364483,2.59,1.00
555,DBB,106,61,-34681,0.79,1.00
556,DSI,106,78,96735,2.39,0.00
557,EPU,106,61,-50440,0.73,1.00
558,FXL,106,73,63694,1.60,0.00
559,IDHQ,106,69,20456,1.18,0.00
560,KTEC,106,71,212080,2.20,0.00
561,LD,106,72,348036,2.93,0.00
562,PDP,106,77,88468,1.97,0.00
563,PPLT,106,58,-4607,0.96,1.00
564,PUI,106,71,40937,1.54,0.00
565,PXF,106,65,24504,1.19,0.00
566,RWL,106,75,69505,1.97,0.00
567,SCHO,106,77,943,1.17,0.00
568,DBE,105,65,-48946,0.78,1.00
569,DBEM,105,73,72032,2.10,0.00
570,DFJ,105,69,35888,1.40,0.00
571,DWM,105,68,52573,1.54,0.00
572,ETF,105,71,90108,1.64,1.00
573,EUO,105,70,12953,1.14,0.00
574,FAD,105,77,53755,1.54,0.00
575,FCA,105,68,53587,1.35,0.00
576,FTC,105,74,58013,1.63,0.00
577,FTCS,105,74,44654,1.60,0.00
578,GLIN,105,58,-76178,0.70,1.00
579,IGF,105,72,62167,1.92,0.00
580,LIT,105,60,-35206,0.82,1.00
581,MBB,105,74,15499,1.99,0.00
582,PALL,105,68,61263,1.37,0.00
583,PNQI,105,76,145747,3.02,0.00
584,RCD,105,76,25957,1.17,1.00
585,REMX,105,55,-106883,0.59,1.00
586,RHS,105,81,81322,3.26,0.00
587,SRTY,105,62,-47441,0.87,1.00
588,UCO,105,61,-177768,0.70,4.00
589,UTIW,105,73,111215,1.54,1.00
590,VIG,105,70,46602,1.67,0.00
591,XTL,105,69,44850,1.48,0.00
592,YINN,105,68,43749,1.11,1.00
593,DTD,104,71,54651,1.83,0.00
594,EIDO,104,68,20389,1.14,1.00
595,EPHE,104,70,1231,1.01,0.00
596,EWX,104,62,-27258,0.81,0.00
597,FXS,104,66,12719,1.20,0.00
598,FXU,104,74,50888,1.68,0.00
599,JJP,104,63,34256,1.33,0.00
600,JKI,104,74,-6502,0.95,1.00
601,MGC,104,78,68306,2.10,0.00
602,MGK,104,75,88446,2.11,0.00
603,PIE,104,70,5504,1.04,0.00
604,PSCF,104,74,59518,1.56,0.00
605,PSCM,104,65,11928,1.08,1.00
606,RGI,104,72,37622,1.33,1.00
607,SMI,104,63,-19051,0.94,1.00
608,SPIP,104,78,19973,1.85,0.00
609,SPMD,104,70,-115874,0.66,2.00
610,STS,104,68,123409,1.52,1.00
611,TAGS,104,66,130928,2.72,0.00
612,UAG,104,65,60813,1.59,0.00
613,VSS,104,66,28099,1.27,0.00
614,VT,104,73,90895,2.40,0.00
615,AADR,103,79,67110,1.88,0.00
616,BIV,103,66,1160,1.04,0.00
617,CHIQ,103,62,-9085,0.94,1.00
618,FNI,103,66,88816,1.72,0.00
619,GDXJ,103,69,138247,1.77,0.00
620,HSH,103,74,37849,1.29,0.00
621,JKD,103,83,76128,2.46,0.00
622,NXTG,103,72,85503,2.67,0.00
623,SBM,103,62,6515,1.06,0.00
624,SCHE,103,72,47887,1.58,0.00
625,SIVR,103,64,11492,1.09,0.00
626,SLVP,103,72,94204,1.55,0.00
627,UGA,103,69,-11628,0.96,1.00
628,USL,103,60,-80270,0.69,2.00
629,XMPT,103,56,-49787,0.43,1.00
630,BIB,102,73,241531,2.35,1.00
631,BTF,102,67,10201,1.08,0.00
632,CQQQ,102,58,-2093,0.99,1.00
633,EPIQ,102,66,73868,1.38,0.00
634,EPOL,102,63,17144,1.11,1.00
635,IDX,102,65,14758,1.11,1.00
636,IGOV,102,61,-18265,0.70,0.00
637,JXI,102,70,48250,1.60,0.00
638,KBWY,102,72,22937,1.18,1.00
639,MIDU,102,78,180912,1.59,1.00
640,MSII,102,72,514756,3.30,1.00
641,RYH,102,72,72470,2.32,0.00
642,TMF,102,71,167451,2.31,0.00
643,UDOW,102,74,183326,2.23,0.00
644,VXX,102,55,-28053,0.92,1.00
645,BTAL,101,70,38174,1.54,0.00
646,EEMO,101,71,35802,1.34,0.00
647,EGPT,101,66,-11204,0.93,1.00
648,FAS,101,73,141799,1.45,1.00
649,MLN,101,58,-59470,0.35,1.00
650,PICK,101,64,-7395,0.96,1.00
651,PSR,101,70,92644,2.24,0.00
652,RESP,101,75,67486,2.01,0.00
653,TRF,101,65,84546,1.39,1.00
654,UBR,101,74,21515,1.06,1.00
655,VIXY,101,56,-62183,0.83,1.00
656,EUFN,100,72,42138,1.31,0.00
657,EWUS,100,69,5783,1.05,1.00
658,GNR,100,61,-40269,0.71,1.00
659,KBWR,100,74,74624,1.73,1.00
660,UBT,100,71,99251,2.17,0.00
661,USIG,100,68,-10753,0.73,0.00
662,AOR,99,79,59268,3.39,0.00
663,BND,99,69,5384,1.24,0.00
664,BZQ,99,53,-125064,0.74,2.00
665,CWB,99,75,27765,1.54,0.00
666,GBF,99,70,8186,1.43,0.00
667,GII,99,73,44472,1.67,0.00
668,GSP,99,55,-136260,0.48,2.00
669,ILTB,99,72,12193,1.24,0.00
670,JKE,99,75,95961,2.94,0.00
671,KXI,99,70,43402,1.89,0.00
672,NUGT,99,65,119491,1.28,1.00
673,PBP,99,80,64947,2.63,0.00
674,PDN,99,71,40886,1.47,0.00
675,PSK,99,65,2332,1.05,0.00
676,RETL,99,75,257628,1.90,1.00
677,RYT,99,69,64443,1.72,0.00
678,SCHC,99,70,614,1.01,0.00
679,SQQQ,99,60,40476,1.15,1.00
680,TNA,99,74,154227,1.46,1.00
681,UBG,99,71,48334,1.57,0.00
682,UST,99,76,24228,1.47,0.00
683,VGIT,99,72,8176,1.50,0.00
684,WIP,99,55,-44588,0.48,1.00
685,DBV,98,70,31891,1.59,0.00
686,DGIT,98,62,14870,1.04,1.00
687,DGL,98,61,19951,1.25,0.00
688,DIAL,98,61,-43032,0.92,2.00
689,ECON,98,62,12395,1.12,0.00
690,FLM,98,73,75201,1.70,1.00
691,IGLB,98,69,14430,1.29,0.00
692,ITF,98,78,95656,2.65,0.00
693,JKF,98,76,49115,1.85,0.00
694,MCHI,98,70,-276,1.00,0.00
695,NIB,98,60,22568,1.13,1.00
696,PKN,98,67,74568,1.50,0.00
697,PSCD,98,77,88677,1.83,0.00
698,PTF,98,67,71590,1.64,0.00
699,PWER,98,66,42405,1.10,1.00
700,QAI,98,73,12072,1.53,0.00
701,ROX,98,68,180209,1.61,2.00
702,SCHR,98,67,6580,1.44,0.00
703,SCHV,98,74,56832,2.15,0.00
704,TECL,98,71,229271,2.04,1.00
705,UGL,98,62,55879,1.40,0.00
706,USV,98,68,132318,1.86,1.00
707,VIOV,98,79,79097,1.94,0.00
708,ZROZ,98,71,64861,2.00,0.00
709,ATMP,97,69,21139,1.17,1.00
710,BWZ,97,65,-14059,0.72,0.00
711,CMF,97,55,-22740,0.51,0.00
712,GREK,97,68,38139,1.22,1.00
713,IGIB,97,68,-12213,0.67,0.00
714,INDY,97,68,13544,1.13,0.00
715,IVOV,97,75,22168,1.23,1.00
716,LTPZ,97,70,15275,1.24,0.00
717,MLPA,97,70,-37200,0.75,1.00
718,NBCT,97,79,256663,2.57,1.00
719,PWO,97,71,68729,1.65,0.00
720,PWZ,97,56,-33801,0.45,0.00
721,RKH,97,75,116593,2.09,0.00
722,SPVM,97,73,34430,1.39,0.00
723,UJB,97,67,76139,2.24,0.00
724,VCLT,97,73,13179,1.25,0.00
725,BPO,96,72,109001,2.00,0.00
726,EUSA,96,79,51389,1.66,0.00
727,GCE,96,73,182552,2.93,0.00
728,GUNR,96,65,5743,1.07,0.00
729,INDL,96,66,-40052,0.88,1.00
730,IWX,96,77,59332,2.26,0.00
731,KBWD,96,68,-1238,0.99,1.00
732,PLW,96,66,22500,1.74,0.00
733,QSY,96,76,25439,1.25,0.00
734,ROOF,96,71,64364,1.76,0.00
735,SCHA,96,76,54000,1.53,0.00
736,SCHF,96,71,46193,1.61,0.00
737,SPHB,96,75,65749,1.57,1.00
738,SPLB,96,75,30115,1.76,0.00
739,SPMB,96,82,32874,3.02,0.00
740,SPXL,96,76,197765,2.11,0.00
741,UBC,96,73,59254,1.65,0.00
742,UPV,96,68,79647,1.47,1.00
743,URTY,96,76,189283,1.67,1.00
744,VGLT,96,68,44991,2.33,0.00
745,XTN,96,73,80377,1.70,0.00
746,CARZ,95,64,-4600,0.97,1.00
747,CEW,95,63,-6794,0.87,0.00
748,DBJP,95,72,37145,1.38,0.00
749,DIET,95,71,463318,2.60,1.00
750,JKG,95,74,42088,1.51,0.00
751,JKH,95,71,57995,1.72,0.00
752,LUX,95,77,131621,2.62,0.00
753,SCHG,95,76,97093,2.76,0.00
754,SCHM,95,79,41098,1.47,0.00
755,SCHX,95,78,73813,2.62,0.00
756,SOYB,95,65,44197,1.63,0.00
757,TSO,95,64,-48251,0.85,1.00
758,VIOG,95,76,72983,1.90,0.00
759,ARGT,94,68,-1316,0.99,0.00
760,BAL,94,65,-56674,0.71,1.00
761,BSV,94,71,5179,1.66,0.00
762,EEMA,94,73,49676,1.70,0.00
763,ENOR,94,71,36009,1.36,0.00
764,EWZS,94,67,-125,1.00,1.00
765,FILL,94,65,-6550,0.95,1.00
766,IWY,94,79,97458,3.12,0.00
767,JKL,94,63,-43733,0.74,1.00
768,MCRO,94,70,18955,1.91,0.00
769,NPF,94,66,-354,1.00,0.00
770,PSCI,94,73,53792,1.49,0.00
771,RWO,94,62,-18948,0.86,1.00
772,RYU,94,71,48020,1.77,0.00
773,SCJ,94,65,-11572,0.89,0.00
774,SMIN,94,62,-27782,0.83,1.00
775,STPZ,94,71,-205,0.98,0.00
776,TDTF,94,80,6957,1.35,0.00
777,TYBS,94,68,10816,1.13,0.00
778,VEGA,94,80,48905,2.76,0.00
779,BYI,93,67,124832,1.65,1.00
780,CSM,93,77,64664,2.39,0.00
781,DOO,93,72,72616,1.93,0.00
782,EDIV,93,60,-15050,0.86,0.00
783,EIRL,93,69,59586,1.68,0.00
784,EMLC,93,58,-39462,0.54,0.00
785,ENZL,93,69,29900,1.41,0.00
786,EQL,93,77,70726,2.57,0.00
787,FEM,93,62,-25843,0.81,1.00
788,GLTR,93,58,-20124,0.81,1.00
789,GRES,93,70,17606,1.25,0.00
790,PCEF,93,51,-20188,0.72,0.00
791,SCHP,93,77,7102,1.30,0.00
792,SCHZ,93,68,2697,1.13,0.00
793,UPRO,93,78,220033,2.66,0.00
794,VIOO,93,80,71105,1.89,0.00
795,VNQI,93,61,916,1.01,0.00
796,AGZ,92,74,7550,1.70,0.00
797,DRR,92,72,94732,2.49,0.00
798,DRW,92,65,17453,1.16,0.00
799,FEU,92,71,53813,1.89,0.00
800,FYT,92,72,6605,1.06,1.00
801,JADE,92,71,221814,1.87,1.00
802,NORW,92,74,61535,1.82,0.00
803,NYF,92,51,-23006,0.49,0.00
804,PMR,92,74,58043,1.70,0.00
805,PZT,92,60,-36128,0.43,0.00
806,RINF,92,66,27955,1.56,0.00
807,RJI,92,53,-78339,0.55,1.00
808,SGOL,92,64,13444,1.19,0.00
809,SOXL,92,74,321842,2.22,1.00
810,SSG,92,58,-101619,0.71,1.00
811,UMDD,92,77,164426,1.64,1.00
812,VONV,92,77,55317,2.17,0.00
813,VOOV,92,79,67227,2.68,0.00
814,VSB,92,78,391691,5.02,0.00
815,VTWG,92,76,41969,1.43,0.00
816,ZLC,92,68,144191,1.54,1.00
817,BICK,91,70,35312,1.32,0.00
818,CORP,91,66,-2903,0.91,0.00
819,CPER,91,64,16518,1.15,0.00
820,DEF,91,66,43870,1.73,0.00
821,EFNL,91,66,27035,1.31,0.00
822,FEP,91,68,-1755,0.98,0.00
823,FFR,91,67,35082,1.33,0.00
824,GBB,91,74,35865,1.64,0.00
825,HAST,91,65,188666,1.69,1.00
826,IWL,91,77,71265,3.00,0.00
827,IWZ,91,75,68009,1.92,0.00
828,JKJ,91,68,-14251,0.89,0.00
829,KOL,91,59,-29904,0.88,1.00
830,NFTY,91,78,67345,1.86,0.00
831,PSCT,91,73,72003,1.80,0.00
832,RING,91,63,39586,1.25,0.00
833,TBX,91,64,6329,1.21,0.00
834,TIPZ,91,74,3450,1.13,0.00
835,USCI,91,57,-41215,0.59,1.00
836,VEGI,91,69,3963,1.05,0.00
837,VRD,91,81,1814443,14.05,0.00
838,VXUS,91,70,34718,1.51,0.00
839,DDG,90,57,7776,1.07,0.00
840,DRN,90,68,119179,1.53,0.00
841,EEMS,90,66,2500,1.03,0.00
842,EFAV,90,71,31212,1.82,0.00
843,EIS,90,67,2740,1.02,1.00
844,ELD,90,59,-28666,0.59,0.00
845,FNK,90,71,27898,1.26,1.00
846,FPA,90,70,6829,1.06,1.00
847,GOVT,90,67,7351,1.50,0.00
848,HDG,90,74,16117,1.68,0.00
849,IVOG,90,82,96395,2.66,0.00
850,MBND,90,78,606176,5.33,1.00
851,MRGR,90,78,19109,2.03,0.00
852,PXMV,90,78,41381,1.46,0.00
853,PZI,90,68,2231,1.02,1.00
854,RJZ,90,62,-31482,0.75,0.00
855,SDIV,90,57,-54173,0.58,1.00
856,TTT,90,62,17305,1.08,1.00
857,VTWO,90,77,54448,1.61,0.00
858,YYY,90,53,-19229,0.76,0.00
859,AOM,89,75,18311,1.67,0.00
860,CANE,89,64,-8643,0.93,0.00
861,ITWO,89,69,98379,1.32,1.00
862,PANG,89,74,3173744,15.04,1.00
863,PSCU,89,65,-3087,0.97,0.00
864,SCHB,89,79,83945,2.86,0.00
865,TLTE,89,67,12497,1.15,0.00
866,VLU,89,79,69972,2.63,0.00
867,XHS,89,74,65948,1.98,0.00
868,ENY,88,61,-1534,0.99,0.00
869,FDT,88,69,-7914,0.92,0.00
870,FNY,88,80,80124,2.31,0.00
871,HEDJ,88,72,41395,1.62,0.00
872,IFEU,88,67,15409,1.14,0.00
873,KBWB,88,68,34914,1.30,1.00
874,PSCH,88,76,51142,1.55,0.00
875,PXSG,88,74,68875,1.75,0.00
876,RLY,88,67,-8417,0.87,0.00
877,SMB,88,73,3084,1.18,0.00
878,SPGP,88,78,59132,1.82,0.00
879,URR,88,64,136283,2.03,0.00
880,VTWV,88,75,23791,1.24,1.00
881,WDIV,88,73,14581,1.22,0.00
882,XHE,88,76,76844,2.09,0.00
883,EEB,87,74,88820,2.21,0.00
884,EELV,87,68,-8106,0.90,0.00
885,EINC,87,67,-82532,0.57,1.00
886,FBZ,87,68,-21288,0.88,1.00
887,FLN,87,64,-40263,0.75,1.00
888,GSC,87,63,30624,1.20,1.00
889,HAUZ,87,75,39315,1.61,0.00
890,IWW,87,78,49137,1.65,0.00
891,PXMG,87,82,106395,2.67,0.00
892,RIT,87,59,-59244,0.68,1.00
893,RJN,87,55,-81825,0.70,1.00
894,TMB,87,54,-134365,0.62,2.00
895,TQQQ,87,75,239750,2.48,0.00
896,UCI,87,71,19086,1.22,0.00
897,VTHR,87,78,66223,2.58,0.00
898,WTMF,87,67,12015,1.42,0.00
899,BAB,86,72,12691,1.44,0.00
900,COW,86,69,-9240,0.91,0.00
901,CVD,86,71,11093,1.07,1.00
902,DVYE,86,62,-64069,0.52,1.00
903,DWAS,86,77,95528,2.18,0.00
904,FKU,86,74,31179,1.33,1.00
905,GAL,86,74,29491,2.04,0.00
906,GDIV,86,67,1931686,7.20,2.00
907,KORU,86,62,86802,1.29,1.00
908,MLPI,86,66,-48194,0.70,1.00
909,PUW,86,67,21006,1.16,0.00
910,SCHH,86,71,36491,1.55,0.00
911,SHM,86,57,-6831,0.57,0.00
912,SILJ,86,71,45023,1.25,0.00
913,SOCL,86,65,68905,2.01,0.00
914,TAO,86,60,24268,1.17,0.00
915,VONG,86,78,78917,2.68,0.00
916,AXJL,85,71,75164,1.90,0.00
917,CMK,85,85,83960,3.33,0.00
918,CURE,85,66,135002,1.98,0.00
919,DPK,85,60,14247,1.08,0.00
920,DTN,85,72,24375,1.30,0.00
921,DWAT,85,80,60089,2.21,0.00
922,EEMV,85,65,-7780,0.87,0.00
923,EWGS,85,73,29146,1.29,0.00
924,EWMC,85,79,34282,1.41,0.00
925,FENY,85,66,-27075,0.81,1.00
926,FJP,85,73,23217,1.29,0.00
927,FSZ,85,74,51432,1.83,0.00
928,HYD,85,58,-37412,0.44,0.00
929,IEMG,85,72,21111,1.30,0.00
930,INOC,85,79,324885,2.30,1.00
931,LEMB,85,54,-35872,0.48,0.00
932,MDST,85,65,1562773,4.37,1.00
933,PAF,85,74,97755,2.41,0.00
934,PFXF,85,66,-169,1.00,0.00
935,PSCC,85,65,20192,1.31,0.00
936,PXSV,85,72,6011,1.06,0.00
937,PZD,85,69,38608,1.41,0.00
938,SPFF,85,64,-6762,0.86,0.00
939,STIP,85,71,-1016,0.89,0.00
940,UBM,85,73,201924,2.78,0.00
941,VCIT,85,66,-5776,0.81,0.00
942,VIIX,85,54,-21731,0.93,1.00
943,VLUE,85,78,23472,1.32,0.00
944,VOO,85,81,69450,2.88,0.00
945,ASEA,84,58,-28252,0.75,0.00
946,CPI,84,79,14150,2.50,0.00
947,DJCI,84,58,-14819,0.82,0.00
948,DTO,84,63,24978,1.09,1.00
949,ENFR,84,69,16682,1.17,1.00
950,FIG,84,63,50427,1.30,1.00
951,FYC,84,75,66667,1.77,0.00
952,IBCA,84,74,179515,2.08,1.00
953,IBND,84,62,-33283,0.52,0.00
954,IQDF,84,67,15432,1.24,0.00
955,MGT,84,68,422120,2.01,1.00
956,MIDZ,84,50,-102343,0.66,1.00
957,MORT,84,60,7865,1.06,1.00
958,MUNI,84,56,-21797,0.32,0.00
959,SDOG,84,73,24452,1.37,0.00
960,STPP,84,65,47384,1.79,0.00
961,XSW,84,77,76869,1.97,0.00
962,DVYA,83,69,-14178,0.84,1.00
963,DXB,83,70,16947,1.20,0.00
964,FDTS,83,67,-20022,0.82,1.00
965,GVI,83,69,5049,1.41,0.00
966,INKM,83,63,-10802,0.76,0.00
967,JJA,83,64,5587,1.06,0.00
968,JJE,83,60,-68810,0.66,1.00
969,KOLD,83,65,124804,1.35,1.00
970,MLPX,83,69,14676,1.13,1.00
971,PICB,83,70,-23290,0.62,0.00
972,SPGM,83,77,71191,2.87,0.00
973,SPIB,83,64,-5166,0.78,0.00
974,TILT,83,83,80761,3.22,0.00
975,URTH,83,75,60590,2.61,0.00
976,VONE,83,78,70285,2.76,0.00
977,XAR,83,75,83220,2.59,0.00
978,AOK,82,68,14360,1.82,0.00
979,AUSE,82,76,116865,2.54,0.00
980,BTC,82,87,392554,8.08,0.00
981,CMBS,82,82,26435,3.82,0.00
982,EMLP,82,74,32247,1.57,0.00
983,FNDE,82,68,329,1.00,0.00
984,HYS,82,63,2776,1.11,0.00
985,INCO,82,66,-6689,0.94,0.00
986,JJS,82,66,24404,1.20,0.00
987,LVL,82,62,14377,1.16,0.00
988,SKYY,82,73,71688,1.81,0.00
989,SPSM,82,76,35642,1.43,0.00
990,VGSH,82,78,1484,1.44,0.00
991,VOOG,82,77,70260,2.59,0.00
992,BKLN,81,57,-14741,0.57,0.00
993,BNO,81,63,-111152,0.56,2.00
994,CXSE,81,59,13793,1.15,0.00
995,DAG,81,69,26512,1.15,0.00
996,DTUS,81,67,27298,1.37,0.00
997,EMHY,81,69,-10007,0.78,0.00
998,FYLD,81,73,15944,1.20,1.00
999,HDV,81,79,40108,2.35,0.00
1000,IEFA,81,68,8894,1.13,0.00
